timestamp,area,status,signal,next_action,owner,notes
2026-07-18 13:55,HomeIntelligenceHealthReport,in_progress,Output text cleaned to ASCII-safe Turkish labels,Run focused unit tests after Gradle generated output recovers,Codex,Does not include package names notification text contacts files or queries
2026-07-18 13:55,Gradle verification,blocked_by_generated_output,transformDebugClassesWithAsm stale incremental JSON missing,Regenerate app build outputs then rerun focused tests,Codex,Source compile error not observed before timeout
2026-07-18 13:55,Google Sheets demo,blocked_by_permissions,Drive connector lacks create-file scope,Reauthenticate Google Drive connector then import this CSV,Codex,Target title AppOrganizer Saglik Raporu Demo Takip - 2026-07-18
2026-07-18 14:15,AI diagnostic package,implemented,Added structured AI_Tani_Paketi with issues metrics workers crashes and privacy boundary,Rerun focused unit test after Gradle transform issue is cleared,Codex,compileDebugKotlin completed during focused test command before transformDebugClassesWithAsm exited -1
2026-07-18 16:45,Dashboard roadmap P20,in_progress,HomeAdaptiveLayoutPolicy integrated for columns tablet drawer search and dock width,Clear generated transformDebugUnitTestClassesWithAsm lock then rerun focused tests,Codex,:app:compileDebugKotlin BUILD SUCCESSFUL; unit test blocked by open generated transform dir
2026-07-18 16:52,Dashboard roadmap P20,partially_complete,Focused unit tests passed after generated test-results lock was cleared,Collect real phone tablet portrait landscape visual acceptance evidence,Codex,:app:testDebugUnitTest --tests HomeAdaptiveLayoutPolicyTest --tests HomeScreenNavigationContractTest BUILD SUCCESSFUL
2026-07-18 17:03,Dashboard roadmap P21,in_progress,Privacy-safe home page telemetry catalog policy and HomeScreen impression logging added,Clear generated transformDebugUnitTestClassesWithAsm lock then rerun telemetry tests,Codex,:app:compileDebugKotlin BUILD SUCCESSFUL; unit test blocked by generated transform dir lock
2026-07-18 17:08,Gradle test lock tooling,implemented,Added scripts/clear_test_locks.ps1 with whitelist path checks and README entry,Use script before focused unit tests when Windows generated outputs are locked,Codex,Script removed 2 generated targets successfully
2026-07-18 17:08,Dashboard roadmap P21,partially_complete,Telemetry validator and policy tests passed after script cleanup,Run consent-off device smoke and broaden call-site logging later,Codex,:app:testDebugUnitTest --tests TelemetryEventValidatorTest --tests HomePageTelemetryEventValidatorTest --tests HomePageTelemetryPolicyTest BUILD SUCCESSFUL
2026-07-18 17:16,Dashboard roadmap P21,partially_complete,Drawer home-button search toggle and pager call-sites now emit privacy-safe home telemetry,Run consent-off device smoke and DebugView no-remote-log evidence,Codex,:app:testDebugUnitTest --tests TelemetryEventValidatorTest --tests HomePageTelemetryEventValidatorTest --tests HomePageTelemetryPolicyTest BUILD SUCCESSFUL
2026-07-18 17:25,Dashboard roadmap P22,in_progress,Health report home architecture summary added to report and AI metrics,Run DiagnosticsReportManagerTest and compileDebugKotlin,Codex,No categoryId folder name package name query or contact data included
2026-07-18 17:21,Dashboard roadmap P22,partially_complete,Health report home architecture summary and AI metrics verified,Collect real-device health report acceptance evidence,Codex,:app:testDebugUnitTest --tests DiagnosticsReportManagerTest exit 0; :app:compileDebugKotlin BUILD SUCCESSFUL
2026-07-18 17:25,Dashboard roadmap P23,partially_complete,HomeScreen folder search filtering remembered and drag page count avoids drop/take,Add trace or benchmark evidence on device,Codex,:app:testDebugUnitTest --tests HomeScreenNavigationContractTest --tests LauncherViewModelLogicTest exit 0; :app:compileDebugKotlin BUILD SUCCESSFUL
2026-07-18 17:36,Dashboard roadmap P24,partially_complete,Added closed-default Home Pager v2 flag and safe mode with developer toggles; HomeScreen reacts without changing legacy behavior while flag is off; diagnostics and AI package include rollout state,Collect real-device flag on/off and safe-mode evidence; keep legacy fallback through P25,Codex,:app:testDebugUnitTest --tests HomePagerRolloutPolicyTest --tests DiagnosticsReportManagerTest exit 0; :app:compileDebugKotlin BUILD SUCCESSFUL
2026-07-18 17:48,Health report feedback integration,implemented,Added professional executive summary and priority actions; request/suggestion share now attaches privacy-safe health report via FileProvider,A user should review the attachment before sending; validate email chooser on device,Codex,:app:testDebugUnitTest --tests DiagnosticsReportManagerTest exit 0; :app:compileDebugKotlin BUILD SUCCESSFUL
2026-07-18 17:48,Dashboard roadmap P25,partially_complete,Removed runtime writes to legacy raw home page index while preserving one-time migration read,Collect four-device evidence before deleting remaining legacy compatibility APIs,Codex,:app:compileDebugKotlin BUILD SUCCESSFUL
